,precision,recall,fscore,accuracy,auc,miss_rate,fall_out_rate,classifier
0,0.03334815427660942,0.6696428656578064,0.022907758094074526,0.6603686809539795,0.7484474778175354,0.5056989997673877,0.5,TabTransformer
1,0.030742954462766647,0.6792452931404114,0.021991447770311544,0.6460829377174377,0.7379054427146912,0.5397051830718022,0.5,TabTransformer
3,0.03568281978368759,0.6864407062530518,0.02471772963075984,0.6580645442008972,0.7387968897819519,0.5109710550887021,0.5,TabTransformer
4,0.03561311215162277,0.7394958138465881,0.02680067001675042,0.6291858553886414,0.7358792424201965,0.581787109375,0.5,TabTransformer
5,0.035553738474845886,0.75,0.026492082825822168,0.633026123046875,0.779525876045227,0.5726765348216453,0.5,TabTransformer
6,0.028595110401511192,0.6571428775787354,0.02109124254928932,0.6344085931777954,0.7294517159461975,0.5675544794188861,0.5,TabTransformer
7,0.03239032253623009,0.7596153616905212,0.024070688604509446,0.6336405277252197,0.775553822517395,0.5721212121212121,0.5,TabTransformer
8,0.0360972136259079,0.8145161271095276,0.03066180935033394,0.5821812748908997,0.755817174911499,0.7116094986807388,0.5,TabTransformer
9,0.033707864582538605,0.6990291476249695,0.021981376889024577,0.6781874299049377,0.7401159405708313,0.46749716874292185,0.5,TabTransformer
