,precision,recall,fscore,accuracy,auc,miss_rate,fall_out_rate,classifier
3,0.0,0.0,0.0,0.9843317866325378,0.8030036091804504,0.0,0.5,TabTransformer
4,0.0,0.0,0.0,0.9847926497459412,0.8119961023330688,0.0,0.5,TabTransformer
5,0.0,0.0,0.0,0.9807987809181213,0.7807148098945618,0.0,0.5,TabTransformer
6,0.0,0.0,0.0,0.9821812510490417,0.7856698632240295,0.0,0.5,TabTransformer
7,0.0,0.0,0.0,0.9831029176712036,0.7883012294769287,0.0,0.5,TabTransformer
8,0.0,0.0,0.0,0.9806451797485352,0.7844089269638062,0.0,0.5,TabTransformer
9,0.0,0.0,0.0,0.9818740487098694,0.7759381532669067,0.0,0.5,TabTransformer
0,0.0,0.0,0.0,0.9831029176712036,0.7829559445381165,0.0,0.5,TabTransformer
1,0.0,0.0,0.0,0.981566846370697,0.7693029642105103,0.0,0.5,TabTransformer
