,precision,recall,fscore,accuracy,auc,miss_rate,fall_out_rate,classifier
3,0.0,0.0,0.0,0.9818740487098694,0.7856622338294983,0.0,0.5,TabTransformer
4,0.0,0.0,0.0,0.9817204475402832,0.7840700745582581,0.0,0.5,TabTransformer
5,0.0,0.0,0.0,0.9821812510490417,0.7822285294532776,0.0,0.5,TabTransformer
6,0.0,0.0,0.0,0.9838709831237793,0.7693960666656494,0.0,0.5,TabTransformer
7,0.0,0.0,0.0,0.9840245842933655,0.7902582287788391,0.0,0.5,TabTransformer
8,0.0,0.0,0.0,0.9809523820877075,0.7735457420349121,0.0,0.5,TabTransformer
9,0.0,0.0,0.0,0.9841781854629517,0.7735539674758911,0.0,0.5,TabTransformer
0,0.0,0.0,0.0,0.9827957153320312,0.7946323156356812,0.0,0.5,TabTransformer
1,0.0,0.0,0.0,0.9837173819541931,0.7943863868713379,0.0,0.5,TabTransformer
